Country Name	1960	1961	1962	1963	1964	1965	1966	1967	1968	1969	1970	1971	1972	1973	1974	1975	1976	1977	1978	1979	1980	1981	1982	1983	1984	1985	1986	1987	1988	1989	1990	1991	1992	1993	1994	1995	1996	1997	1998	1999	2000	2001	2002	2003	2004	2005	2006	2007	2008	2009	2010	2011	2012
Arab World									0	0.03	0.056	0.109	0.181	0.272	0.539	0.575	0.653	0.704	0.733	0.845	0.954	0.954	0.91	0.871	0.864	0.846	0.807	0.823	0.796	0.809	0.845	0.826	0.848	0.843	0.842	0.86	0.893	0.911	0.89	0.919	0.972	0.951	0.947	0.989	1.046	1.123	1.193	1.248	1.341	1.268	1.324	1.402	
Caribbean small states	0	0.026	0.041	0.06	0.084	0.109	0.137	0.162	0.154	0.186	0.223	0.255	0.313	0.349	0.457	0.521	0.529	0.588	0.594	0.65	0.735	0.769	0.81	0.815	0.787	0.776	0.73	0.758	0.781	0.788	0.814	0.808	0.796	0.81	0.832	0.871	0.904	0.951	0.987	1.01	1.045	1.053	1.072	1.101	1.134	1.188	1.235	1.279	1.336	1.257	1.284	1.31	1.322
East Asia & Pacific (all income levels)	0	-0.005	-0.003	0.034	0.083	0.121	0.158	0.183	0.215	0.265	0.322	0.356	0.439	0.549	0.602	0.633	0.667	0.736	0.831	0.86	0.888	0.925	0.908	0.927	0.95	0.969	1.077	1.137	1.211	1.224	1.237	1.283	1.315	1.359	1.401	1.448	1.426	1.404	1.35	1.392	1.422	1.387	1.39	1.427	1.474	1.497	1.519	1.565	1.624	1.634	1.695	1.754	1.781
East Asia & Pacific (developing only)	0	-0.066	-0.115	-0.091	-0.041	0.019	0.046	0.021	0.014	0.053	0.088	0.107	0.151	0.242	0.286	0.328	0.328	0.384	0.365	0.422	0.48	0.502	0.513	0.526	0.553	0.585	0.575	0.561	0.602	0.63	0.653	0.684	0.727	0.754	0.829	0.916	0.971	0.981	0.937	0.973	1.01	1.033	1.073	1.122	1.183	1.243	1.319	1.417	1.516	1.546	1.622	1.704	1.747
Euro area	0	0.037	0.078	0.124	0.167	0.201	0.235	0.268	0.295	0.335	0.371	0.423	0.502	0.613	0.664	0.727	0.744	0.798	0.884	0.965	1.012	0.95	0.934	0.923	0.904	0.915	1.061	1.152	1.192	1.199	1.297	1.312	1.352	1.312	1.335	1.397	1.4	1.36	1.37	1.366	1.324	1.328	1.362	1.451	1.508	1.521	1.544	1.602	1.64	1.6	1.587	1.621	1.589
Europe & Central Asia (all income levels)	0	0.022	0.055	0.093	0.132	0.164	0.196	0.224	0.238	0.275	0.309	0.358	0.433	0.533	0.583	0.649	0.663	0.714	0.797	0.881	0.932	0.878	0.86	0.844	0.824	0.836	0.966	1.052	1.095	1.102	1.186	1.197	1.225	1.187	1.206	1.264	1.272	1.248	1.258	1.253	1.225	1.229	1.267	1.352	1.418	1.444	1.476	1.543	1.582	1.524	1.531	1.573	1.554
Europe & Central Asia (developing only)																												0	0.019	0.054	0.11	0.079	0.067	0.078	0.003	0.059	0.067	0.086	0.159	0.121	0.125	0.083	0.15	0.253	0.356	0.442	0.502	0.602	0.676	0.593	0.644	0.691	0.691
European Union	0	0.033	0.067	0.105	0.146	0.18	0.211	0.239	0.253	0.291	0.329	0.38	0.456	0.557	0.605	0.671	0.684	0.737	0.822	0.907	0.962	0.907	0.889	0.875	0.856	0.869	1.002	1.09	1.136	1.143	1.233	1.247	1.283	1.242	1.268	1.328	1.336	1.309	1.324	1.322	1.289	1.293	1.329	1.414	1.474	1.492	1.518	1.579	1.609	1.558	1.553	1.589	1.562
Heavily indebted poor countries (HIPC)	0	0.001	0.028	0.1	0.039	0.097	0.123	0.103	0.111	0.147	0.156	0.177	0.201	0.272	0.346	0.389	0.405	0.463	0.518	0.55	0.563	0.55	0.539	0.505	0.493	0.501	0.549	0.58	0.565	0.536	0.531	0.528	0.476	0.47	0.404	0.45	0.459	0.468	0.47	0.455	0.431	0.432	0.453	0.498	0.548	0.59	0.655	0.72	0.787	0.774	0.806	0.84	0.855
High income	0	0.018	0.046	0.072	0.105	0.136	0.172	0.198	0.229	0.264	0.297	0.338	0.399	0.479	0.527	0.572	0.606	0.657	0.731	0.791	0.835	0.838	0.83	0.841	0.856	0.874	0.955	1.016	1.064	1.081	1.126	1.146	1.173	1.174	1.2	1.24	1.24	1.231	1.228	1.246	1.253	1.247	1.263	1.311	1.356	1.378	1.401	1.44	1.466	1.431	1.451	1.485	1.484
High income: nonOECD																														0	0.027	0.038	0.048	0.052	0.06	0.083	0.107	0.128	0.066	0.056	0.111	0.112	0.13	0.177	0.254	0.329	0.397	0.469	0.546	0.457	0.522	0.602	0.62
High income: OECD	0	0.018	0.046	0.073	0.106	0.136	0.172	0.199	0.229	0.265	0.297	0.337	0.398	0.478	0.521	0.567	0.599	0.65	0.726	0.784	0.825	0.827	0.821	0.834	0.851	0.871	0.955	1.016	1.065	1.081	1.128	1.148	1.175	1.176	1.203	1.244	1.243	1.232	1.232	1.251	1.255	1.249	1.265	1.312	1.355	1.374	1.394	1.429	1.451	1.422	1.437	1.467	1.464
Latin America & Caribbean (all income levels)	0	0.013	0.062	0.051	0.086	0.107	0.136	0.135	0.157	0.195	0.22	0.258	0.298	0.405	0.508	0.519	0.554	0.586	0.63	0.696	0.763	0.815	0.777	0.716	0.701	0.704	0.703	0.717	0.763	0.795	0.853	0.871	0.899	0.927	0.979	1.012	1.037	1.068	1.062	1.007	1.046	1.028	0.976	1.001	1.056	1.132	1.196	1.261	1.321	1.288	1.375	1.42	1.415
Latin America & Caribbean (developing only)	0	0.008	0.058	0.046	0.081	0.104	0.132	0.132	0.154	0.191	0.215	0.25	0.293	0.398	0.512	0.533	0.567	0.595	0.64	0.702	0.766	0.819	0.782	0.722	0.705	0.71	0.709	0.72	0.767	0.798	0.858	0.875	0.901	0.929	0.982	1.013	1.039	1.069	1.062	1.003	1.043	1.025	0.969	0.994	1.049	1.126	1.191	1.259	1.322	1.288	1.376	1.421	1.414
Least developed countries: UN classification																						0	-0.012	-0.052	-0.06	-0.037	-0.012	0.019	0.017	0.011	0.016	0.017	-0.05	-0.057	-0.1	-0.055	-0.038	-0.023	-0.032	-0.038	-0.031	-0.03	-0.01	0.033	0.09	0.146	0.2	0.277	0.358	0.346	0.387	0.43	0.443
Low & middle income	0	-0.035	-0.029	-0.014	0.016	0.055	0.082	0.079	0.093	0.132	0.162	0.183	0.222	0.314	0.41	0.445	0.469	0.512	0.54	0.606	0.663	0.686	0.674	0.656	0.653	0.667	0.677	0.68	0.704	0.722	0.757	0.756	0.776	0.79	0.825	0.876	0.909	0.926	0.915	0.903	0.93	0.926	0.928	0.978	1.041	1.107	1.172	1.257	1.328	1.321	1.396	1.456	1.473
Low income	0	0.004	0.03	0.095	0.021	0.074	0.105	0.099	0.105	0.143	0.15	0.168	0.147	0.223	0.313	0.402	0.312	0.349	0.417	0.454	0.48	0.466	0.459	0.42	0.4	0.408	0.432	0.446	0.469	0.459	0.477	0.471	0.423	0.405	0.361	0.409	0.446	0.453	0.453	0.439	0.428	0.427	0.437	0.468	0.508	0.542	0.573	0.634	0.698	0.711	0.74	0.781	0.8
Lower middle income											0	0.007	0.032	0.097	0.192	0.217	0.259	0.309	0.346	0.391	0.476	0.49	0.484	0.465	0.45	0.459	0.467	0.499	0.509	0.506	0.525	0.5	0.513	0.507	0.535	0.574	0.604	0.61	0.555	0.584	0.601	0.6	0.623	0.675	0.727	0.783	0.85	0.934	0.975	0.979	1.059	1.104	1.11
Middle East & North Africa (all income levels)									0	0.034	0.066	0.121	0.2	0.316	0.565	0.595	0.674	0.727	0.743	0.845	0.936	0.938	0.921	0.912	0.904	0.896	0.889	0.84	0.818	0.822	0.855	0.845	0.875	0.869	0.876	0.919	0.963	0.971	0.953	0.975	1.018	1.006	0.998	1.039	1.094	1.164	1.228	1.289	1.38	1.322	1.376	1.454	
Middle East & North Africa (developing only)																																		0	0	0.048	0.1	0.106	0.11	0.127	0.144	0.14	0.124	0.163	0.218	0.277	0.346	0.427	0.522	0.498	0.549	0.612	
Middle income	0	-0.038	-0.035	-0.024	0.016	0.053	0.08	0.077	0.092	0.13	0.162	0.184	0.227	0.319	0.415	0.447	0.478	0.521	0.547	0.614	0.673	0.698	0.685	0.669	0.667	0.681	0.69	0.694	0.718	0.737	0.773	0.773	0.795	0.811	0.849	0.9	0.933	0.951	0.94	0.928	0.958	0.954	0.956	1.007	1.071	1.138	1.205	1.291	1.362	1.356	1.432	1.493	1.51
North America	0	0.006	0.03	0.047	0.072	0.102	0.137	0.157	0.19	0.22	0.239	0.271	0.309	0.354	0.39	0.423	0.469	0.507	0.552	0.596	0.629	0.675	0.687	0.719	0.759	0.784	0.803	0.828	0.86	0.888	0.907	0.914	0.928	0.942	0.961	0.977	0.995	1.016	1.033	1.056	1.079	1.088	1.098	1.118	1.143	1.169	1.192	1.211	1.216	1.199	1.216	1.233	1.249
OECD members	0	0.014	0.042	0.069	0.102	0.132	0.167	0.193	0.223	0.258	0.289	0.328	0.389	0.467	0.512	0.558	0.589	0.638	0.713	0.771	0.813	0.817	0.806	0.816	0.833	0.852	0.932	0.992	1.041	1.057	1.104	1.125	1.152	1.153	1.178	1.215	1.214	1.205	1.206	1.224	1.23	1.223	1.239	1.286	1.329	1.349	1.369	1.405	1.427	1.395	1.412	1.442	1.439
Other small states																					0	-0.034	-0.074	-0.079	-0.102	-0.146	-0.103	-0.044	0.012	0.03	0.12	0.119	0.142	0.115	0.121	0.164	0.178	0.177	0.147	0.166	0.179	0.175	0.181	0.283	0.376	0.422	0.437	0.501	0.574	0.505	0.573	0.642	0.627
Pacific island small states												0	0.07	0.195	0.339	0.378	0.37	0.379	0.435	0.514	0.56	0.562	0.542	0.514	0.544	0.512	0.541	0.528	0.542	0.556	0.583	0.605	0.638	0.653	0.706	0.733	0.758	0.751	0.679	0.711	0.677	0.662	0.681	0.747	0.805	0.839	0.855	0.894	0.921	0.854	0.894	0.959	0.974
Small states			0	0.013	0.045	0.074	0.1	0.123	0.117	0.147	0.18	0.214	0.269	0.335	0.467	0.537	0.567	0.602	0.608	0.674	0.759	0.763	0.769	0.767	0.743	0.717	0.706	0.741	0.776	0.786	0.841	0.838	0.846	0.838	0.854	0.893	0.915	0.935	0.933	0.954	0.974	0.974	0.986	1.05	1.113	1.161	1.19	1.243	1.306	1.232	1.281	1.333	1.328
South Asia											0	0.016	0.009	0.058	0.131	0.151	0.13	0.183	0.229	0.268	0.338	0.353	0.357	0.372	0.362	0.387	0.402	0.438	0.459	0.452	0.475	0.416	0.433	0.419	0.466	0.502	0.528	0.541	0.539	0.56	0.569	0.573	0.588	0.649	0.707	0.76	0.808	0.906	0.908	0.944	1.027	1.066	1.059
Sub-Saharan Africa (all income levels)	0	0.005	0.03	0.08	0.058	0.094	0.117	0.1	0.119	0.167	0.227	0.222	0.263	0.359	0.463	0.493	0.518	0.546	0.582	0.648	0.736	0.724	0.681	0.64	0.607	0.564	0.595	0.655	0.665	0.67	0.657	0.66	0.646	0.615	0.592	0.635	0.64	0.644	0.607	0.596	0.596	0.574	0.584	0.68	0.764	0.819	0.872	0.926	0.972	0.937	1.007	1.043	1.041
Sub-Saharan Africa (developing only)	0	0.005	0.03	0.08	0.058	0.094	0.116	0.1	0.118	0.167	0.226	0.222	0.263	0.359	0.462	0.493	0.517	0.546	0.582	0.648	0.735	0.723	0.681	0.64	0.606	0.563	0.594	0.655	0.665	0.669	0.657	0.66	0.645	0.614	0.591	0.634	0.639	0.643	0.606	0.595	0.595	0.571	0.581	0.677	0.76	0.813	0.868	0.921	0.965	0.932	1.002	1.037	1.035
Upper middle income	0	-0.049	-0.037	-0.027	0.014	0.051	0.08	0.075	0.087	0.124	0.152	0.18	0.229	0.332	0.429	0.463	0.49	0.532	0.555	0.631	0.681	0.71	0.696	0.681	0.685	0.701	0.712	0.705	0.736	0.765	0.808	0.818	0.845	0.869	0.912	0.967	1.003	1.026	1.028	1.005	1.039	1.035	1.032	1.083	1.153	1.224	1.292	1.379	1.461	1.453	1.529	1.596	1.618
World	0	0.01	0.033	0.055	0.085	0.114	0.145	0.163	0.187	0.219	0.247	0.281	0.335	0.414	0.468	0.507	0.536	0.583	0.646	0.703	0.747	0.751	0.739	0.741	0.749	0.763	0.829	0.876	0.917	0.931	0.972	0.985	1.008	1.007	1.032	1.07	1.073	1.066	1.058	1.068	1.076	1.068	1.079	1.125	1.171	1.2	1.229	1.276	1.312	1.283	1.316	1.356	1.359
Afghanistan	0	0	-0.011	0.117	0.135	0.225	0.359	0.426	0.33	0.33	0.413	0.421	0.349	0.373	0.457	0.488	0.512	0.567	0.61	0.658	0.653	0.641																				0.274	0.482	0.509	0.555	0.614	0.652	0.785	0.788	0.866	0.961	1.004	
Albania																									0	-0.002	0.03	0.014	-0.003	0.029	-0.022	-0.29	-0.494	-0.252	-0.039	0.051	0.148	0.012	0.107	0.208	0.24	0.288	0.327	0.434	0.558	0.611	0.651	0.722	0.806	0.778	0.768	0.806	0.81
Algeria	0	-0.06	-0.156	-0.036	-0.015	0.007	-0.019	0.014	0.06	0.091	0.136	0.143	0.256	0.354	0.523	0.582	0.627	0.688	0.774	0.862	0.954	0.96	0.954	0.974	1.001	1.021	1.049	1.057	0.992	0.954	0.99	0.847	0.858	0.865	0.787	0.77	0.813	0.817	0.811	0.808	0.854	0.851	0.86	0.931	1.022	1.096	1.147	1.204	1.297	1.196	1.257	1.337	1.349
Andorra											0	0.033	0.114	0.217	0.29	0.345	0.344	0.379	0.45	0.562	0.582	0.505	0.472	0.394	0.377	0.38	0.505	0.59	0.645	0.67	0.765	0.78	0.802	0.707	0.699	0.755	0.769	0.755	0.768	0.776	0.728	0.759	0.797	0.893	0.957	0.984	1.027	1.09	1.156				
Angola																										0	-0.042	0.012	0.035	0.089	0.121	0.183	-0.156	-0.209	-0.337	-0.257	-0.095	-0.099	-0.185	-0.218	-0.059	-0.083	0.009	0.081	0.217	0.356	0.512	0.657	0.786	0.725	0.749	0.837	0.863
Antigua and Barbuda																		0	0.051	0.142	0.22	0.277	0.327	0.379	0.44	0.513	0.606	0.68	0.759	0.806	0.827	0.843	0.85	0.873	0.901	0.885	0.912	0.93	0.947	0.959	1.032	1.019	1.029	1.047	1.07	1.11	1.159	1.209	1.224	1.171	1.14	1.131	1.146
Argentina			0	-0.134	0.006	0.044	0.042	-0.036	-0.005	0.061	0.059	0.075	0.086	0.258	0.39	0.243	0.226	0.264	0.267	0.337	0.377	0.38	0.403	0.488	0.362	0.404	0.496	0.49	0.539	0.316	0.576	0.698	0.774	0.783	0.814	0.809	0.827	0.854	0.857	0.83	0.826	0.797	0.373	0.473	0.541	0.615	0.679	0.761	0.855	0.825	0.9	0.979	1.002
Armenia																															0	-0.034	-0.237	-0.252	-0.203	-0.146	-0.103	-0.086	-0.02	-0.029	-0.011	0.036	0.088	0.162	0.268	0.407	0.523	0.684	0.789	0.66	0.69	0.73	0.719
Aruba																																			0	-0.024	-0.02	0.014	0.041	0.047	0.075	0.076	0.071	0.079	0.114	0.128	0.141	0.174	0.201	0.152	0.146	0.164	
Australia	0	0.015	0.009	0.035	0.07	0.1	0.111	0.153	0.177	0.217	0.261	0.285	0.338	0.42	0.553	0.587	0.616	0.632	0.658	0.71	0.751	0.816	0.849	0.804	0.838	0.802	0.798	0.807	0.897	0.993	1.004	1.018	1.012	0.99	1	1.052	1.084	1.114	1.072	1.056	1.079	1.033	1.045	1.112	1.225	1.273	1.298	1.349	1.434	1.37	1.455	1.535	1.569
Austria	0	0.042	0.065	0.096	0.132	0.167	0.201	0.224	0.253	0.29	0.338	0.401	0.49	0.614	0.69	0.747	0.778	0.857	0.938	1.015	1.06	0.996	0.998	1.003	0.978	0.986	1.141	1.239	1.269	1.266	1.36	1.374	1.42	1.406	1.433	1.506	1.498	1.445	1.456	1.453	1.408	1.406	1.438	1.524	1.581	1.597	1.623	1.683	1.725	1.69	1.681	1.724	1.703
Azerbaijan																															0	-0.01	-0.263	-0.369	-0.453	-0.494	-0.481	-0.389	-0.343	-0.334	-0.277	-0.246	-0.21	-0.147	-0.074	0.105	0.3	0.493	0.653	0.602	0.674	0.747	0.766
Bahamas. The	0	0.027	0.053	0.08	0.109	0.14	0.175	0.217	0.257	0.316	0.311	0.327	0.331	0.377	0.343	0.308	0.331	0.367	0.425	0.552	0.611	0.63	0.664	0.695	0.757	0.804	0.824	0.856	0.865	0.894	0.901	0.885	0.877	0.866	0.882	0.897	0.914	1.047	1.075	1.121	1.136	1.142	1.162	1.152	1.152	1.179	1.184	1.195	1.183	1.153	1.149	1.141	1.15
Bahrain																					0	0.035	0.043	0.042	0.05	0.008	-0.084	-0.054	-0.031	-0.027	-0.001	0.025	0.027	0.055	0.074	0.084	0.09	0.095	0.069	0.082	0.145	0.123	0.132	0.169	0.205	0.253	0.29	0.321	0.361	0.278	0.331		
Bangladesh	0	0.039	0.05	0.058	0.05	0.077	0.101	0.139	0.139	0.18	0.196	0.175	0.025	0.127	0.308	0.492	0.198	0.167	0.295	0.352	0.405	0.431	0.381	0.347	0.394	0.424	0.403	0.442	0.463	0.472	0.512	0.513	0.514	0.524	0.522	0.564	0.585	0.593	0.602	0.61	0.615	0.606	0.604	0.635	0.666	0.688	0.694	0.733	0.794	0.84	0.886	0.928	0.937
Barbados	0	0.026	0.042	0.091	0.086	0.109	0.141	0.185	0.184	0.234	0.303	0.351	0.407	0.49	0.565	0.635	0.669	0.723	0.77	0.853	0.96	1	1.018	1.041	1.077	1.095	1.133	1.173	1.198	1.241	1.241	1.233	1.206	1.219	1.24	1.271	1.297	1.34	1.371	1.389	1.403	1.4	1.385	1.419	1.437	1.462	1.486	1.513	1.543	1.532	1.587	1.538	
Belarus																															0	0.01	-0.01	-0.031	-0.068	-0.095	-0.07	-0.087	-0.053	-0.15	-0.127	-0.137	-0.062	0.028	0.144	0.263	0.353	0.443	0.572	0.482	0.533	0.599	0.593
Belgium	0	0.025	0.052	0.081	0.125	0.158	0.186	0.214	0.241	0.285	0.331	0.378	0.473	0.579	0.648	0.715	0.749	0.815	0.902	0.961	0.998	0.915	0.86	0.836	0.816	0.831	0.974	1.069	1.104	1.107	1.203	1.212	1.258	1.237	1.273	1.343	1.328	1.284	1.293	1.29	1.25	1.249	1.283	1.372	1.435	1.451	1.473	1.53	1.57	1.536	1.528	1.562	1.532
Belize	0	0.016	0.03	0.043	0.061	0.092	0.124	0.139	0.103	0.114	0.155	0.192	0.231	0.298	0.411	0.463	0.371	0.449	0.507	0.546	0.646	0.632	0.588	0.599	0.634	0.619	0.644	0.716	0.761	0.812	0.858	0.882	0.94	0.966	0.973	0.992	0.995	0.992	1.001	1.015	1.058	1.066	1.084	1.098	1.116	1.128	1.154	1.165	1.182	1.167	1.172	1.176	
Benin	0	0.011	0.006	0.03	0.049	0.073	0.084	0.08	0.099	0.096	0.091	0.083	0.161	0.241	0.272	0.348	0.351	0.37	0.452	0.547	0.608	0.56	0.539	0.464	0.433	0.418	0.512	0.567	0.57	0.523	0.624	0.614	0.53	0.641	0.472	0.59	0.613	0.583	0.605	0.598	0.562	0.573	0.609	0.697	0.74	0.757	0.777	0.832	0.9	0.884	0.87	0.904	0.907
Bermuda	0	0.013	0.026	0.026	0.063	0.079	0.14	0.195	0.172	0.205	0.25	0.307	0.358	0.42	0.488	0.534	0.581	0.643	0.668	0.703	0.77	0.848	0.871	0.922	0.962	0.982	1.031	1.071	1.105	1.127	1.149	1.163	1.178	1.21	1.218	1.252	1.372	1.406	1.431	1.455	1.471	1.49	1.517	1.54	1.568	1.6	1.644	1.679	1.692	1.667	1.667	1.655	
Bhutan																					0	0.021	0.018	0.053	0.052	0.047	0.102	0.186	0.222	0.2	0.231	0.152	0.159	0.139	0.206	0.257	0.273	0.329	0.332	0.366	0.374	0.397	0.436	0.487	0.527	0.583	0.613	0.728	0.742	0.737	0.827	0.883	0.863
Bolivia	0	0.026	0.056	0.078	0.12	0.159	0.188	0.215	0.129	0.144	0.157	0.178	0.228	0.219	0.429	0.477	0.522	0.584	0.64	0.7	0.701	0.804	0.772	0.748	0.794	0.724	0.581	0.609	0.625	0.626	0.63	0.66	0.673	0.67	0.678	0.719	0.751	0.771	0.792	0.772	0.769	0.747	0.726	0.727	0.754	0.783	0.855	0.907	1.004	1.014	1.061	1.14	1.185
Bosnia and Herzegovina																																			0	0.188	0.367	0.48	0.517	0.561	0.621	0.635	0.696	0.796	0.875	0.915	0.969	1.061	1.145	1.111	1.104	1.141	1.112
Botswana	0	0.023	0.047	0.065	0.092	0.122	0.16	0.204	0.244	0.297	0.378	0.485	0.585	0.739	0.822	0.871	0.875	0.942	1.041	1.167	1.263	1.252	1.212	1.26	1.27	1.21	1.292	1.428	1.543	1.597	1.674	1.678	1.688	1.677	1.685	1.715	1.707	1.731	1.723	1.768	1.742	1.765	1.763	1.881	1.97	1.974	1.964	1.993	1.995	1.951	2.085	2.143	2.093
Brazil	0	-0.011	0.092	0.142	0.093	0.093	0.175	0.217	0.25	0.282	0.325	0.38	0.445	0.566	0.678	0.739	0.82	0.872	0.918	0.957	0.966	1.006	1.025	0.873	0.876	0.895	0.966	0.998	1.04	1.142	1.17	1.108	1.083	1.126	1.215	1.357	1.389	1.398	1.378	1.214	1.248	1.176	1.129	1.163	1.238	1.356	1.443	1.538	1.616	1.604	1.721	1.78	1.735
Brunei Darussalam						0	0.045	0.045	0.087	0.068	0.093	0.116	0.234	0.419	0.795	0.815	0.883	0.952	0.985	1.13	1.36	1.294	1.271	1.214	1.195	1.152	0.965	1.02	0.998	1.031	1.09	1.099	1.14	1.12	1.106	1.159	1.181	1.178	1.059	1.105	1.211	1.171	1.18	1.221	1.292	1.367	1.439	1.46	1.523	1.388	1.443	1.558	1.567
Bulgaria																					0	-0.002	-0.008	-0.077	-0.066	-0.063	0	0.146	0.054	0.034	0.021	-0.252	-0.27	-0.248	-0.294	-0.163	-0.328	-0.272	-0.156	-0.148	-0.156	-0.117	-0.047	0.067	0.157	0.217	0.28	0.385	0.478	0.452	0.447	0.508	0.489
Burkina Faso	0	0.019	0.048	0.058	0.07	0.077	0.081	0.09	0.092	0.101	0.075	0.09	0.161	0.22	0.259	0.348	0.356	0.412	0.518	0.583	0.616	0.57	0.554	0.503	0.452	0.467	0.574	0.628	0.66	0.648	0.711	0.704	0.546	0.552	0.45	0.537	0.561	0.525	0.572	0.591	0.516	0.536	0.58	0.686	0.734	0.774	0.79	0.841	0.92	0.907	0.937	0.977	0.967
Burundi	0	0.006	0.02	0.049	0.09	-0.135	-0.128	-0.106	-0.106	-0.099	-0.001	0.01	-0.005	0.081	0.131	0.211	0.231	0.308	0.345	0.442	0.5	0.511	0.519	0.535	0.482	0.534	0.539	0.498	0.464	0.463	0.458	0.46	0.417	0.346	0.332	0.359	0.292	0.336	0.294	0.244	0.268	0.26	0.222	0.186	0.238	0.31	0.352	0.364	0.424	0.442	0.494	0.545	0.552
Cambodia	0	-0.008	-0.008	0.024	0.045	0.081	0.095	0.111	0.148	0.105	-0.037	0.084	-0.209	-0.075	-0.157																			0.353	0.38	0.457	0.453	0.433	0.379	0.421	0.428	0.457	0.48	0.509	0.561	0.626	0.682	0.751	0.823	0.819	0.846	0.896	0.929
Cameroon	0	0.017	0.034	0.039	0.063	0.071	0.081	0.11	0.151	0.179	0.171	0.187	0.24	0.317	0.414	0.488	0.524	0.551	0.656	0.763	0.815	0.856	0.825	0.816	0.826	0.832	0.934	0.985	0.978	0.915	0.903	0.937	0.887	0.949	0.77	0.735	0.77	0.763	0.742	0.767	0.703	0.708	0.749	0.835	0.888	0.898	0.922	0.967	1.021	0.98	0.975	1.015	0.998
Canada	0	-0.013	-0.008	0.011	0.042	0.076	0.117	0.14	0.172	0.207	0.246	0.292	0.342	0.4	0.479	0.505	0.575	0.58	0.59	0.631	0.678	0.721	0.726	0.757	0.769	0.776	0.787	0.84	0.907	0.946	0.96	0.966	0.947	0.93	0.926	0.942	0.954	0.966	0.948	0.975	1.011	1.001	1.008	1.076	1.13	1.184	1.233	1.275	1.293	1.237	1.304	1.351	1.357
Cape Verde																					0	-0.013	-0.018	-0.034	-0.065	-0.055	0.08	0.167	0.214	0.214	0.266	0.275	0.312	0.438	0.345	0.412	0.415	0.396	0.414	0.461	0.412	0.422	0.457	0.567	0.616	0.634	0.687	0.766	0.834	0.844	0.858	0.914	0.91
Central African Republic	0	0.033	0.03	0.038	0.071	0.087	0.099	0.106	0.165	0.148	0.141	0.16	0.21	0.273	0.28	0.4	0.467	0.508	0.578	0.627	0.671	0.599	0.619	0.55	0.524	0.645	0.747	0.772	0.789	0.775	0.835	0.8	0.799	0.745	0.552	0.661	0.631	0.593	0.603	0.596	0.527	0.527	0.547	0.6	0.64	0.659	0.689	0.743	0.802	0.794	0.786	0.815	0.801
Chad	0	0.018	0.04	0.048	0.063	0.081	0.089	0.098	0.094	0.102	0.09	0.11	0.166	0.2	0.193	0.306	0.298	0.323	0.39	0.337	0.34	0.26	0.228	0.217	0.249	0.288	0.29	0.313	0.405	0.376	0.446	0.466	0.453	0.33	0.223	0.297	0.328	0.297	0.335	0.263	0.203	0.278	0.327	0.449	0.64	0.704	0.751	0.797	0.86	0.775	0.843	0.923	0.928
Channel Islands																																							0	0.019	0.028	0.011	0.037	0.075	0.139	0.149	0.186	0.258					
Chile	0	0.037	0.094	0.081	0.095	0.103	0.158	0.142	0.144	0.198	0.231	0.299	0.324	0.469	0.439	0.099	0.228	0.354	0.41	0.533	0.65	0.717	0.583	0.485	0.466	0.392	0.416	0.48	0.545	0.598	0.637	0.691	0.77	0.792	0.848	0.952	0.972	1.004	0.98	0.938	0.969	0.924	0.911	0.946	1.053	1.14	1.23	1.274	1.287	1.264	1.362	1.42	1.445
China	0	-0.084	-0.121	-0.097	-0.04	0.025	0.049	0.016	-0.008	0.031	0.084	0.105	0.15	0.226	0.234	0.281	0.248	0.297	0.226	0.296	0.321	0.326	0.34	0.384	0.431	0.501	0.482	0.433	0.484	0.523	0.533	0.554	0.595	0.608	0.707	0.817	0.883	0.925	0.95	0.973	1.013	1.053	1.091	1.141	1.209	1.274	1.351	1.459	1.569	1.61	1.682	1.772	1.82
Colombia	0	0.038	0.063	0.039	0.119	0.091	0.053	0.061	0.063	0.086	0.125	0.15	0.185	0.251	0.319	0.334	0.393	0.486	0.554	0.623	0.691	0.718	0.738	0.726	0.711	0.662	0.653	0.662	0.685	0.68	0.68	0.682	0.751	0.797	0.954	1	1.014	1.047	1.004	0.939	0.996	0.981	0.973	0.952	1.037	1.128	1.167	1.266	1.33	1.305	1.388	1.451	1.487
Comoros																					0	-0.048	-0.09	-0.085	-0.113	-0.097	0.043	0.114	0.127	0.097	0.186	0.17	0.193	0.178	0.015	0.101	0.088	0.041	0.037	0.04	-0.014	0.013	0.059	0.159	0.196	0.213	0.22	0.27	0.316	0.309	0.305	0.345	0.324
Congo. Dem. Rep.	0	-0.048	0.029	0.233	-0.112	0.023	0.061	-0.078	-0.028	0.069	0.043	0.091	0.122	0.216	0.291	0.307	0.269	0.363	0.446	0.425	0.394	0.322	0.348	0.243	0.086	0.036	0.075	0.039	0.09	0.084	0.084	0.056	-0.006	0.092	-0.188	-0.215	-0.217	-0.203	-0.203	-0.332	-0.381	-0.355	-0.294	-0.297	-0.25	-0.219	-0.143	-0.1	-0.046	-0.076	-0.02	0.045	0.091
Congo. Rep.	0	0.05	0.079	0.082	0.103	0.119	0.154	0.173	0.186	0.196	0.199	0.255	0.347	0.454	0.475	0.579	0.559	0.553	0.6	0.723	0.863	0.918	0.94	0.915	0.921	0.902	0.823	0.905	0.877	0.898	0.955	0.932	0.953	0.757	0.711	0.777	0.844	0.793	0.704	0.774	0.898	0.826	0.849	0.902	1.015	1.121	1.212	1.235	1.371	1.266	1.351	1.419	1.384
Costa Rica	0	-0.031	-0.056	-0.042	-0.032	-0.007	0.017	0.038	0.07	0.101	0.152	0.18	0.231	0.312	0.339	0.399	0.478	0.572	0.619	0.666	0.733	0.455	0.44	0.612	0.662	0.669	0.715	0.731	0.736	0.779	0.8	0.775	0.843	0.883	0.912	0.947	0.94	0.964	0.994	1.033	1.028	1.031	1.034	1.042	1.061	1.084	1.129	1.19	1.238	1.224	1.31	1.357	1.392
Cote d'Ivoire	0	0.038	0.04	0.095	0.16	0.141	0.17	0.176	0.23	0.237	0.247	0.263	0.311	0.423	0.49	0.573	0.632	0.74	0.822	0.866	0.893	0.793	0.728	0.666	0.648	0.64	0.742	0.768	0.76	0.724	0.753	0.726	0.738	0.72	0.583	0.692	0.722	0.695	0.721	0.703	0.613	0.611	0.641	0.713	0.759	0.777	0.796	0.846	0.911	0.896	0.885	0.897	0.898
Croatia																															0	-0.11	-0.354	-0.344	-0.219	-0.041	0	-0.004	0.031	-0.01	-0.028	0	0.061	0.171	0.25	0.289	0.335	0.411	0.481	0.433	0.41	0.444	0.406
Cuba											0	0.076	0.139	0.221	0.272	0.324	0.344	0.353	0.449	0.486	0.491	0.494	0.509	0.532	0.564	0.54	0.561	0.574	0.606	0.595	0.616	0.542	0.497	0.5	0.602	0.629	0.542	0.546	0.551	0.592	0.623	0.637	0.661	0.689	0.714	0.762	0.853	0.899	0.915				
Cyprus																0	0.073	0.179	0.295	0.418	0.636	0.616	0.625	0.622	0.639	0.662	0.761	0.835	0.893	0.915	0.994	0.997	1.063	1.032	1.075	1.163	1.16	1.133	1.158	1.163	1.138	1.15	1.182	1.275	1.34	1.361	1.388	1.455	1.514	1.479	1.455	1.478	1.43
Czech Republic																															0	-0.134	-0.068	0.001	0.069	0.169	0.22	0.182	0.214	0.203	0.179	0.22	0.307	0.391	0.469	0.525	0.581	0.663	0.756	0.696	0.697	0.735	0.691
Denmark	0	0.042	0.09	0.114	0.168	0.216	0.252	0.287	0.298	0.351	0.392	0.436	0.52	0.64	0.685	0.758	0.8	0.847	0.93	0.995	0.998	0.936	0.926	0.928	0.917	0.943	1.092	1.186	1.208	1.196	1.287	1.288	1.328	1.298	1.334	1.406	1.409	1.373	1.38	1.379	1.341	1.341	1.374	1.46	1.52	1.542	1.567	1.621	1.661	1.614	1.616	1.642	1.614
Djibouti																										0		-0.021	-0.028	-0.042	-0.021	-0.028	-0.025	-0.045	-0.029	-0.031	-0.042	-0.042	-0.04	-0.029	-0.023	-0.013	-0.006	0.01	0.034	0.055	0.084	0.12	0.178	0.2	0.226	0.26	
Dominica																		0	0.089	0.076	0.199	0.248	0.286	0.334	0.388	0.431	0.491	0.547	0.606	0.638	0.675	0.711	0.736	0.754	0.784	0.801	0.826	0.845	0.87	0.888	0.973	0.981	0.975	0.992	1.022	1.014	1.038	1.07	1.109	1.136	1.129	1.129	1.13
Dominican Republic	0	-0.027	0.059	0.102	0.126	0.049	0.08	0.089	0.094	0.139	0.208	0.246	0.311	0.371	0.456	0.535	0.565	0.619	0.626	0.677	0.748	0.778	0.808	0.832	0.901	0.58	0.655	0.624	0.58	0.666	0.682	0.811	0.867	0.919	0.96	1.004	1.041	1.067	1.094	1.098	1.134	1.144	1.165	1.062	1.071	1.253	1.27	1.324	1.363	1.366	1.404	1.431	1.451
Ecuador	0	-0.026	-0.048	-0.026	0.008	0.31	0.305	0.314	0.307	0.375	0.326	0.297	0.348	0.423	0.64	0.697	0.756	0.828	0.85	0.914	1.004	1.079	1.029	0.953	0.936	0.931	0.872	0.82	0.781	0.797	0.827	0.864	0.882	0.892	0.961	0.984	0.989	1.027	1.016	0.853	0.815	0.932	0.99	1.037	1.082	1.129	1.173	1.203	1.279	1.277	1.304	1.357	1.387
Egypt. Arab Rep.	0	0.007	-0.04	-0.035	0.014	0.031	0.039	0.047	0.075	0.115	0.154	0.176	0.193	0.224	0.187	0.282	0.34	0.37	0.367	0.445	0.537	0.536	0.565	0.597	0.624	0.667	0.672	0.714	0.641	0.685	0.713	0.638	0.685	0.724	0.765	0.822	0.866	0.924	0.951	0.973	1.008	0.991	0.938	0.906	0.877	0.926	0.997	1.074	1.163	1.22	1.277	1.302	1.333
El Salvador	0	-0.006	0.025	0.035	0.064																										0.6	0.637	0.68	0.739	0.8	0.864	0.896	0.925	0.955	0.969	0.989	1.009	1.023	1.043	1.063	1.096	1.129	1.162	1.188	1.17	1.183	1.213	1.223
Equatorial Guinea			0	0.069	0.132	0.832	0.85	0.859	0.82	0.813	0.809	0.809	0.828	0.942	1.028	1.092	1.108	1.125								0.857	0.93	0.996	1.009	0.941	0.999	0.98	1.037	1.017	0.919	1.02	1.205	1.475	1.423	1.691	1.831	1.962	2.041	2.166	2.402	2.585	2.548	2.658	2.822	2.636	2.697	2.821	2.832
Eritrea																																	0	-0.011	0.042	0.073	0.144	0.129	0.152	0.102	0.097	0.107	0.075	0.133	0.22	0.198	0.225	0.247	0.253	0.367	0.41	0.487	0.546
Estonia																																				0	0.103	0.137	0.186	0.198	0.197	0.24	0.311	0.441	0.53	0.594	0.677	0.794	0.829	0.734	0.728	0.798	0.792
Ethiopia																						0	0.01	0.042	0.004	0.059	0.061	0.076	0.078	0.085	0.096	0.125	0.001	-0.089	-0.209	-0.179	-0.145	-0.138	-0.193	-0.218	-0.212	-0.225	-0.258	-0.229	-0.172	-0.096	-0.017	0.081	0.207	0.275	0.228	0.245	0.368
Faeroe Islands																																							0	0	-0.032	-0.001	0.034	0.098	0.148	0.156	0.21	0.272	0.297	0.256			
Fiji	0	0.002	0.009	0.016	0.036	0.045	0.044	0.067	0.068	0.097	0.17	0.212	0.31	0.43	0.539	0.618	0.616	0.624	0.678	0.759	0.821	0.822	0.796	0.758	0.77	0.749	0.798	0.757	0.73	0.757	0.808	0.818	0.857	0.88	0.921	0.949	0.977	0.965	0.86	0.925	0.861	0.853	0.897	0.996	1.066	1.107	1.118	1.154	1.173	1.073	1.111	1.187	1.191
Finland	0	0.051	0.078	0.11	0.16	0.202	0.231	0.236	0.208	0.266	0.315	0.357	0.425	0.543	0.647	0.719	0.751	0.772	0.805	0.893	0.973	0.961	0.962	0.943	0.956	0.978	1.095	1.189	1.264	1.299	1.373	1.326	1.267	1.164	1.224	1.336	1.326	1.307	1.329	1.33	1.299	1.309	1.343	1.426	1.486	1.5	1.524	1.596	1.637	1.579	1.57	1.617	1.592
France	0	0.031	0.073	0.116	0.155	0.182	0.212	0.243	0.276	0.308	0.322	0.367	0.452	0.563	0.592	0.69	0.701	0.742	0.832	0.913	0.968	0.909	0.884	0.863	0.837	0.852	0.994	1.075	1.11	1.11	1.2	1.199	1.239	1.213	1.234	1.293	1.292	1.246	1.259	1.253	1.209	1.21	1.242	1.331	1.387	1.401	1.421	1.477	1.515	1.479	1.465	1.5	1.471
French Polynesia						0	0.071	0.067	0.123	0.08	0.085	0.137	0.163	0.27	0.366	0.446	0.458	0.48	0.57	0.64	0.676	0.637	0.626	0.63	0.631	0.658	0.83	0.862	0.874	0.856	0.928	0.932	0.962	0.972	0.945	0.991	0.979	0.926	0.941	0.935	0.885												
Gabon	0	0.069	0.102	0.023	0.162	0.176	0.204	0.238	0.264	0.288	0.287	0.35	0.394	0.611	0.933	1.069	1.204	1.165	1.085	1.178	1.317	1.262	1.222	1.183	1.193	1.154	1.15	1.122	1.178	1.204	1.345	1.292	1.295	1.177	1.147	1.209	1.257	1.217	1.132	1.138	1.163	1.121	1.131	1.21	1.273	1.345	1.376	1.45	1.572	1.447	1.517	1.618	1.605
Gambia. The							0	0.015	-0.05	-0.02	0.033	0.048	0.061	0.151	0.242	0.309	0.285	0.363	0.446	0.514	0.566	0.509	0.488	0.466	0.368	0.454	0.349	0.403	0.465	0.473	0.504	0.826	0.828	0.839	0.822	0.833	0.854	0.818	0.825	0.799	0.769	0.699	0.611	0.523	0.584	0.603	0.61	0.683	0.752	0.708	0.718	0.679	0.674
Georgia																															0	-0.09	-0.328	-0.467	-0.494	-0.453	-0.381	-0.319	-0.302	-0.409	-0.368	-0.342	-0.316	-0.243	-0.133	-0.04	0.039	0.157	0.258	0.18	0.21	0.3	0.337
Germany											0	0.062	0.139	0.261	0.31	0.353	0.38	0.444	0.535	0.611	0.643	0.567	0.555	0.552	0.528	0.533	0.688	0.781	0.812	0.808	0.907	0.927	0.981	0.966	0.994	1.062	1.046	0.993	0.997	0.987	0.933	0.931	0.959	1.041	1.092	1.098	1.12	1.179	1.217	1.178	1.176	1.216	1.191
Ghana	0	0.015	0.027	0.061	0.1	0.162	0.168	0.073	0.044	0.105	0.148	0.174	0.103	0.158	0.216	0.193	0.178	0.232	0.286	0.318	0.351	0.316	0.283	0.27	0.291	0.286	0.377	0.313	0.311	0.304	0.342	0.379	0.355	0.311	0.26	0.323	0.343	0.33	0.356	0.36	0.16	0.177	0.231	0.312	0.367	0.437	0.705	0.778	0.828	0.777	0.861	0.935	0.942
Greece	0	0.048	0.072	0.118	0.167	0.221	0.264	0.294	0.327	0.381	0.426	0.47	0.53	0.65	0.703	0.75	0.782	0.841	0.923	1.008	1.022	0.982	0.998	0.952	0.938	0.934	1.004	1.069	1.132	1.146	1.236	1.262	1.301	1.268	1.295	1.361	1.382	1.369	1.369	1.36	1.329	1.346	1.396	1.515	1.586	1.607	1.643	1.708	1.755	1.726	1.685	1.681	1.616
Greenland											0	0.097	0.166	0.28	0.36	0.453	0.509	0.581	0.683	0.752	0.801	0.756	0.717	0.726	0.681	0.714	0.876	0.987	1.039	1.05	1.087	1.087	1.097	1.049	1.082	1.16	1.155	1.106	1.136	1.129	1.103	1.109	1.139	1.224	1.285	1.3	1.31	1.398	1.314	1.176			
Grenada																		0	0.108	0.174	0.201	0.215	0.238	0.251	0.276	0.336	0.385	0.454	0.502	0.57	0.589	0.626	0.64	0.634	0.648	0.668	0.694	0.707	0.755	0.801	0.939	0.939	0.955	0.993	0.995	1.06	1.058	1.092	1.128	1.097	1.094	1.099	1.102
Guatemala	0	0.001	0.016	0.047	0.048	0.047	0.054	0.062	0.095	0.11	0.144	0.15	0.163	0.239	0.317	0.368	0.435	0.523	0.557	0.602	0.649	0.677	0.672	0.677	0.686	0.687	0.548	0.529	0.563	0.584	0.533	0.612	0.648	0.676	0.722	0.765	0.787	0.829	0.857	0.822	0.834	0.81	0.845	0.857	0.885	0.93	0.965	1.007	1.056	1.029	1.058	1.102	1.125
Guinea																											0	0.013	0.067	0.059	0.079	0.109	0.121	0.095	0.086	0.106	0.112	0.092	0.06	0.037	-0.033	-0.064	-0.054	0.006	0.025	-0.081	-0.108	0.055	-0.004	0.027	0.072	0.092	0.204
Guinea-Bissau											0	-0.011	0.024	0.019	0.051	0.084	0.091	0.097	0.122	0.104	0.069	0.207	0.228	0.212	0.13	0.136	0.084	0.199	0.166	0.269	0.318	0.331	0.265	0.275	0.263	0.286	0.303	0.291	0.167	0.193	0.166	0.122	0.122	0.481	0.513	0.543	0.538	0.606	0.683	0.668	0.659	0.713	0.67
Guyana	0	0.026	0.035	-0.022	0.011	0.039	0.058	0.085	0.037	0.063	0.087	0.104	0.106	0.135	0.283	0.337	0.296	0.288	0.336	0.352	0.407	0.383	0.313	0.323	0.278	0.297	0.348	0.198	0.269	0.234	0.255	0.185	0.224	0.303	0.389	0.448	0.502	0.526	0.505	0.489	0.498	0.486	0.5	0.51	0.533	0.552	0.797	0.871	0.911	0.931	0.975	1.03	1.071
Haiti																																0	-0.226	-0.302	-0.24	-0.145	-0.11	-0.081	-0.024	0.005	-0.05	-0.076	-0.121	-0.184	-0.078	-0.029	0.035	0.117	0.142	0.14	0.145	0.184	0.206
Honduras	0	0.011	0.033	0.044	0.077	0.11	0.132	0.156	0.179	0.182	0.204	0.197	0.226	0.269	0.311	0.333	0.399	0.478	0.527	0.581	0.624	0.651	0.651	0.662	0.682	0.709	0.716	0.74	0.708	0.649	0.569	0.559	0.595	0.591	0.574	0.62	0.623	0.676	0.715	0.719	0.832	0.85	0.853	0.869	0.893	0.924	0.966	1.011	1.053	1.053	1.081	1.125	1.13
Hong Kong SAR. China	0	0.051	0.084	0.128	0.179	0.197	0.203	0.226	0.221	0.283	0.349	0.411	0.508	0.644	0.702	0.719	0.821	0.902	0.96	1.026	1.122	1.144	1.154	1.114	1.16	1.182	1.238	1.323	1.392	1.449	1.496	1.556	1.621	1.676	1.719	1.738	1.761	1.803	1.778	1.766	1.777	1.769	1.759	1.746	1.763	1.792	1.817	1.852	1.865	1.854	1.879	1.913	1.932
Hungary									0	0.043	0.069	0.105	0.173	0.264	0.302	0.356	0.418	0.464	0.53	0.592	0.656	0.666	0.675	0.633	0.621	0.627	0.689	0.731	0.771	0.784	0.843	0.857	0.904	0.92	0.952	0.984	0.989	0.995	1.009	1.013	0.997	1.054	1.155	1.256	1.343	1.379	1.388	1.471	1.526	1.441	1.449	1.483	1.441
Iceland	0	0	0.042	0.112	0.21	0.284	0.356	0.344	0.221	0.158	0.253	0.354	0.446	0.578	0.69	0.652	0.722	0.84	0.893	0.944	1.013	1.022	0.979	0.909	0.92	0.934	1.057	1.194	1.231	1.193	1.247	1.27	1.276	1.215	1.223	1.268	1.284	1.286	1.33	1.347	1.339	1.293	1.34	1.427	1.506	1.588	1.588	1.665	1.573	1.429	1.445	1.493	1.479
India											0	0.023	0.039	0.107	0.163	0.148	0.156	0.219	0.262	0.299	0.374	0.381	0.387	0.414	0.392	0.422	0.442	0.482	0.5	0.49	0.516	0.433	0.452	0.43	0.491	0.525	0.555	0.572	0.57	0.597	0.599	0.608	0.627	0.693	0.754	0.81	0.86	0.97	0.959	1.001	1.093	1.127	1.114
Indonesia								0	0.085	0.145	0.174	0.172	0.232	0.391	0.581	0.642	0.719	0.799	0.839	0.835	0.976	1.04	1.04	0.985	0.987	0.977	0.93	0.899	0.959	1.009	1.053	1.095	1.123	1.171	1.213	1.264	1.308	1.279	0.919	1.079	1.144	1.125	1.205	1.278	1.311	1.351	1.451	1.519	1.585	1.603	1.716	1.787	1.797
Iran. Islamic Rep.						0	0.025	0.058	0.102	0.141	0.177	0.261	0.342	0.528	0.751	0.781	0.882	0.939	0.914	0.97	0.973	0.989	1.069	1.135	1.134	1.164	1.213	1.005	0.948	0.926	0.922			0.617	0.66	0.785	0.864	0.835	0.816	0.816	0.795	0.846	0.844	0.904	0.98	1.046	1.106	1.209	1.299	1.302	1.363	1.442	
Iraq	0	0.025	0.042	0.035	0.095	0.121	0.142	0.131	0.171	0.173	0.195	0.242	0.339	0.408	0.696	0.775	0.842	0.908	0.969	1.111	1.178	1.001	1.042	1.039	1.083	1.089	1.035	1.064	1.051	1.089								0.304	0.306	0.526	0.672	0.524	0.512		0.617	0.764	1.002	1.126	1.286	1.204	1.277	1.391	1.446
Ireland	0	0.032	0.065	0.094	0.148	0.174	0.195	0.225	0.214	0.274	0.328	0.387	0.474	0.54	0.557	0.629	0.621	0.691	0.799	0.89	0.96	0.933	0.945	0.928	0.911	0.935	1.065	1.137	1.186	1.204	1.303	1.304	1.352	1.322	1.357	1.438	1.473	1.509	1.539	1.574	1.572	1.598	1.659	1.763	1.824	1.851	1.882	1.936	1.936	1.865	1.826	1.847	1.825
Isle of Man																																				0	0.044	0.101	0.163	0.212	0.205	0.215	0.281	0.354	0.436	0.456	0.524	0.594					
Israel	0	0.067	-0.082	-0.036	0.003	0.019	0.044	0.019	0.014	0.065	0.121	0.123	0.222	0.314	0.435	0.417	0.412	0.445	0.431	0.529	0.614	0.632	0.649	0.689	0.661	0.62	0.704	0.774	0.859	0.859	0.916	0.942	0.973	0.962	1.005	1.102	1.13	1.133	1.129	1.122	1.162	1.145	1.1	1.113	1.133	1.15	1.179	1.231	1.305	1.28	1.319	1.359	
Italy	0	0.042	0.09	0.146	0.181	0.209	0.241	0.28	0.312	0.352	0.401	0.441	0.505	0.584	0.637	0.691	0.683	0.741	0.827	0.922	1.005	0.96	0.956	0.972	0.967	0.98	1.131	1.231	1.275	1.292	1.396	1.419	1.444	1.351	1.364	1.393	1.442	1.418	1.427	1.421	1.382	1.389	1.425	1.514	1.569	1.578	1.596	1.648	1.68	1.639	1.622	1.652	1.613
Jamaica	0	0.023	0.033	0.052	0.081	0.109	0.156	0.171	0.141	0.177	0.243	0.277	0.355	0.356	0.445	0.519	0.53	0.565	0.471	0.429	0.466	0.506	0.542	0.575	0.384	0.325	0.439	0.513	0.578	0.635	0.651	0.599	0.531	0.669	0.67	0.737	0.782	0.837	0.901	0.902	0.908	0.91	0.937	0.922	0.953	0.988	1.017	1.047	1.074	1.018	1.056	1.094	1.105
Japan	0	0.07	0.121	0.175	0.241	0.283	0.344	0.409	0.481	0.542	0.621	0.668	0.784	0.914	0.951	0.98	1.028	1.114	1.257	1.271	1.288	1.328	1.294	1.328	1.352	1.379	1.547	1.628	1.71	1.708	1.719	1.775	1.811	1.869	1.908	1.948	1.892	1.854	1.81	1.863	1.891	1.834	1.814	1.847	1.881	1.873	1.852	1.852	1.899	1.915	1.954	1.983	1.989
Jordan						0	0.013	-0.032	-0.11	-0.039	-0.099	-0.092	-0.043	0.021	0.11	0.151	0.218	0.297	0.375	0.466	0.533	0.566	0.585	0.586	0.579	0.561	0.627	0.634	0.586	0.404	0.377	0.347	0.427	0.431	0.46	0.479	0.478	0.485	0.51	0.515	0.52	0.535	0.553	0.569	0.608	0.641	0.708	0.754	0.853	0.879	0.914	0.943	0.968
Kazakhstan																															0	-0.038	-0.037	-0.061	-0.097	-0.107	-0.087	-0.057	-0.05	-0.164	-0.128	-0.044	0.002	0.098	0.241	0.359	0.506	0.613	0.713	0.638	0.74	0.838	0.862
Kenya	0	-0.013	0.013	0.027	0.046	0.031	0.084	0.094	0.12	0.138	0.164	0.193	0.251	0.31	0.369	0.393	0.405	0.5	0.556	0.61	0.66	0.618	0.574	0.526	0.524	0.504	0.56	0.586	0.592	0.573	0.573	0.537	0.526	0.357	0.439	0.528	0.641	0.666	0.686	0.636	0.619	0.617	0.61	0.653	0.675	0.729	0.797	0.868	0.905	0.895	0.906	0.913	0.946
Kiribati											0	0.019	0.103	0.319	0.743	0.543	0.406	0.37	0.427	0.39	0.196	0.206	0.2	0.185	0.162	0.021	-0.006	0.047	0.145	0.115	0.088	0.306	0.317	0.302	0.359	0.364	0.429	0.43	0.41	0.425	0.402	0.366	0.423	0.516	0.548	0.553	0.541	0.609	0.628	0.583	0.647	0.712	0.728
Korea. Rep.	0	-0.229	-0.175	-0.038	-0.11	-0.167	-0.077	0.005	0.098	0.187	0.254	0.289	0.317	0.414	0.553	0.593	0.725	0.826	0.949	1.051	1.032	1.075	1.096	1.134	1.172	1.183	1.24	1.336	1.458	1.544	1.598	1.661	1.687	1.723	1.787	1.868	1.897	1.859	1.681	1.789	1.863	1.836	1.891	1.937	1.985	2.053	2.103	2.143	2.088	2.038	2.121	2.159	2.162
Kosovo																																									0	0.136	0.164	0.257	0.292	0.304	0.32	0.393	0.472	0.453	0.461	0.52	0.501
Kuwait			0	-0.04	-0.056	-0.099	-0.086	-0.117	-0.118	-0.136	-0.154	-0.056	-0.027	0.029	0.382	0.322	0.335	0.343	0.36	0.541	0.583	0.503	0.419	0.385	0.382	0.356	0.255	0.329	0.276	0.335	0.214	0.004				0.497	0.561	0.531	0.441	0.482	0.559	0.509	0.533	0.617	0.695	0.809	0.886	0.915	1	0.833	0.882	1.015	
Kyrgyz Republic																															0	-0.025	-0.075	-0.133	-0.214	-0.224	-0.189	-0.209	-0.247	-0.373	-0.339	-0.296	-0.278	-0.205	-0.148	-0.107	-0.05	0.073	0.2	0.155	0.159	0.266	0.279
Lao PDR																									0	0.117	-0.02	-0.246	-0.517	-0.453	-0.382	-0.32	-0.293	-0.234	-0.18	-0.133	-0.117	-0.157	-0.301	-0.253	-0.185	-0.182	-0.191	-0.135	-0.073	-0.017	0.076	0.155	0.256	0.277	0.359	0.409	0.454
Latvia																												0	0.072	0.122	0.108	0.068	-0.07	-0.097	-0.035	-0.015	0.018	0.063	0.1	0.146	0.18	0.21	0.262	0.344	0.436	0.505	0.602	0.763	0.834	0.722	0.692	0.803	0.808
Lebanon																													0	-0.088	-0.073	0.114	0.199	0.32	0.414	0.492	0.555	0.612	0.649	0.647	0.633	0.626	0.642	0.641	0.658	0.645	0.646	0.687	0.762	0.817	0.838	0.867	0.893
Lesotho	0	0.006	0.067	0.11	0.145	0.16	0.166	0.176	0.183	0.205	0.214	0.252	0.267	0.434	0.519	0.505	0.489	0.595	0.723	0.748	0.909	0.901	0.767	0.793	0.714	0.618	0.679	0.776	0.835	0.85	0.923	0.964	1.028	1.02	1.032	1.081	1.052	1.07	1.044	1.03	1.009	0.968	0.933	1.099	1.201	1.242	1.258	1.303	1.308	1.327	1.431	1.486	1.467
Liberia	0	-0.025	-0.016	-0.007	0.021	0.031	0.049	0.067	0.081	0.115	0.126	0.139	0.16	0.169	0.257	0.319	0.32	0.36	0.375	0.417	0.424	0.404	0.397	0.361	0.362	0.357	0.35	0.415	0.449	0.335	0.031	-0.005	-0.189	-0.328	-0.415	-0.419	-0.371	-0.134	-0.083	-0.024	0.031	0.004	0.011	-0.114	-0.065	-0.012	0.02	0.091	0.133	0.249	0.283	0.347	0.394
Libya																															0	0.034	0.049	-0.004	-0.043	-0.101	-0.071	-0.037	-0.096	-0.055	-0.016	-0.099	-0.262	-0.185	-0.049	0.064	0.165	0.262	0.368	0.187			
Liechtenstein											0	0.056	0.124	0.239	0.299	0.394	0.429	0.466	0.616	0.669	0.688	0.663	0.667	0.664	0.642	0.66	0.825	0.951	0.989	0.968	1.067	1.08	1.115	1.12	1.18	1.269	1.276	1.232	1.259	1.284	1.248	1.244	1.273	1.326	1.374	1.395	1.429	1.488	1.514	1.502			
Lithuania																															0	-0.01	-0.09	-0.15	-0.175	-0.116	-0.085	-0.002	0.047	0.039	0.06	0.089	0.157	0.277	0.363	0.427	0.494	0.61	0.694	0.589	0.589	0.697	0.697
Luxembourg	0	-0.004	0.013	0.036	0.089	0.093	0.111	0.113	0.151	0.212	0.278	0.292	0.384	0.517	0.598	0.585	0.622	0.666	0.76	0.827	0.863	0.786	0.745	0.738	0.729	0.741	0.904	0.996	1.047	1.07	1.17	1.198	1.242	1.248	1.288	1.353	1.345	1.294	1.307	1.341	1.316	1.309	1.353	1.459	1.52	1.557	1.603	1.678	1.698	1.651	1.664	1.707	1.68
Macao SAR. China																							0	-0.02	0.027	0.022	0.055	0.15	0.2	0.259	0.326	0.379	0.49	0.544	0.582	0.623	0.62	0.616	0.576	0.55	0.557	0.579	0.605	0.652	0.756	0.808	0.889	0.97	1.018	1.018	1.131	1.235	1.3
Macedonia. FYR																															0	0.022	-0.283	-0.238	-0.113	0.007	0.002	-0.075	-0.099	-0.091	-0.105	-0.127	-0.086	0.011	0.074	0.109	0.148	0.242	0.323	0.299	0.3	0.348	0.314
Madagascar	0	0.006	0.019	0.02	0.033	0.039	0.061	0.076	0.098	0.097	0.107	0.128	0.164	0.243	0.295	0.358	0.326	0.347	0.388	0.489	0.544	0.481	0.461	0.448	0.36	0.336	0.381	0.264	0.23	0.227	0.305	0.227	0.271	0.305	0.237	0.25	0.338	0.272	0.282	0.266	0.27	0.325	0.298	0.381	0.269	0.319	0.346	0.458	0.552	0.501	0.501	0.539	0.53
Malawi	0	0.019	0.03	0.037	0.036	0.096	0.14	0.145	0.092	0.115	0.142	0.228	0.261	0.286	0.364	0.398	0.422	0.488	0.544	0.577	0.632	0.621	0.59	0.594	0.574	0.527	0.523	0.496	0.537	0.577	0.634	0.693	0.6	0.659	0.414	0.481	0.686	0.743	0.548	0.542	0.522	0.504	0.684	0.632	0.654	0.663	0.704	0.759	0.815	0.873	0.89	0.895	0.763
Malaysia	0	-0.018	-0.011	0.002	0.018	0.046	0.061	0.065	0.072	0.104	0.117	0.13	0.194	0.365	0.448	0.429	0.493	0.559	0.625	0.728	0.78	0.778	0.797	0.837	0.877	0.828	0.764	0.808	0.836	0.865	0.907	0.943	1.012	1.055	1.09	1.156	1.2	1.186	1.033	1.062	1.126	1.112	1.14	1.17	1.215	1.268	1.315	1.382	1.451	1.386	1.465	1.524	1.54
Maldives																					0	0.008	0.023	0.089	0.351	0.401	0.433	0.417	0.479	0.516	0.558	0.602	0.657	0.7	0.732	0.772	0.814	0.857	0.874	0.903	0.92	1.021	1.027	1.079	1.125	1.083	1.194	1.259	1.34	1.353	1.376	1.372	1.377
Mali								0	0.09	0.08	0.099	0.17	0.216	0.273	0.246	0.427	0.474	0.515	0.574	0.682	0.723	0.637	0.577	0.558	0.555	0.549	0.649	0.704	0.702	0.709	0.783	0.774	0.835	0.796	0.603	0.738	0.753	0.717	0.727	0.711	0.673	0.696	0.787	0.889	0.924	0.947	0.996	1.049	1.122	1.12	1.128	1.168	1.141
Malta											0	0.023	0.071	0.14	0.177	0.274	0.318	0.39	0.489	0.586	0.678	0.672	0.66	0.629	0.604	0.603	0.704	0.787	0.846	0.862	0.938	0.967	1.004	0.952	0.992	1.069	1.075	1.067	1.085	1.094	1.097	1.08	1.117	1.19	1.229	1.252	1.278	1.345	1.399	1.373	1.374	1.423	1.4
Marshall Islands																						0	0.032	0.089	0.103	0.07	0.155	0.186	0.217	0.213	0.231	0.243	0.277	0.31	0.341	0.384	0.345	0.325	0.332	0.328	0.339	0.355	0.39	0.398	0.413	0.434	0.451	0.47	0.477	0.473	0.504	0.531	0.563
Mauritania	0	0.053	0.054	0.051	0.164	0.207	0.213	0.226	0.255	0.219	0.227	0.25	0.304	0.392	0.473	0.521	0.55	0.551	0.541	0.602	0.631	0.642	0.631	0.64	0.593	0.554	0.612	0.655	0.665	0.664	0.669	0.808	0.802	0.72	0.73	0.749	0.745	0.72	0.698	0.695	0.646	0.633	0.63	0.688	0.745	0.808	0.939	0.97	1.011	0.901	0.974	1.029	1.01
Mauritius																	0	0.061	0.144	0.214	0.178	0.176	0.146	0.146	0.123	0.134	0.264	0.37	0.421	0.427	0.506	0.534	0.581	0.581	0.612	0.664	0.698	0.669	0.663	0.67	0.694	0.685	0.703	0.769	0.822	0.811	0.823	0.899	0.988	0.948	0.988	1.049	1.017
Mexico	0	0.021	0.038	0.071	0.131	0.154	0.187	0.212	0.242	0.273	0.298	0.327	0.375	0.449	0.551	0.625	0.618	0.569	0.656	0.763	0.912	1.012	0.845	0.77	0.833	0.846	0.683	0.71	0.817	0.893	0.956	1.025	1.079	1.115	1.125	0.949	1.006	1.079	1.093	1.144	1.219	1.242	1.255	1.283	1.313	1.356	1.4	1.431	1.449	1.352	1.415	1.458	1.46
Micronesia. Fed. Sts.																								0			-0.015	-0.008	0.011	0.036	0.063	0.105	0.123	0.16	0.16	0.194	0.184	0.159	0.186	0.19	0.216	0.229	0.233	0.239	0.231	0.25	0.258	0.265	0.277	0.305	0.332	0.356	0.379
Moldova																															0	-0.067	-0.192	-0.182	-0.325	-0.31	-0.323	-0.266	-0.336	-0.482	-0.439	-0.378	-0.327	-0.249	-0.13	-0.069	-0.01	0.102	0.241	0.195	0.224	0.306	0.321
Monaco											0	0.044	0.127	0.234	0.259	0.354	0.363	0.401	0.487	0.565	0.615	0.55	0.52	0.493	0.464	0.478	0.621	0.703	0.739	0.739	0.829	0.826	0.865	0.835	0.855	0.912	0.909	0.862	0.872	0.864	0.82	0.82	0.853	0.94	0.994	1.006	1.036	1.135	1.191	1.088	1.065	1.116	
Mongolia																						0	0.032	0.049	-0.075	-0.069	0.041	0.047	0.06	0.098	-0.056	-0.095	-0.356	-0.594	-0.517	-0.325	-0.361	-0.421	-0.446	-0.477	-0.449	-0.406	-0.368	-0.315	-0.223	-0.126	0	0.087	0.204	0.109	0.234	0.377	0.44
Montenegro																																									0	0.071	0.114	0.237	0.321	0.357	0.433	0.566	0.656	0.619	0.614	0.653	0.626
Morocco	0	-0.015	0.042	0.079	0.09	0.102	0.08	0.094	0.114	0.151	0.176	0.208	0.266	0.347	0.427	0.487	0.505	0.557	0.625	0.695	0.757	0.656	0.65	0.596	0.547	0.541	0.652	0.685	0.75	0.754	0.798	0.823	0.825	0.792	0.839	0.868	0.907	0.861	0.933	0.924	0.888	0.892	0.917	1.003	1.057	1.072	1.111	1.166	1.234	1.239	1.233	1.266	1.249
Mozambique																					0	-0.01	-0.01	-0.067	-0.056	0.061	0.129	-0.218	-0.268	-0.226	-0.196	-0.167	-0.326	-0.33	-0.318	-0.316	-0.169	-0.111	-0.067	-0.057	-0.091	-0.127	-0.126	-0.093	-0.018	0.032	0.053	0.096	0.174	0.154	0.124	0.245	0.299
Namibia																					0	-0.056	-0.099	-0.08	-0.166	-0.26	-0.225	-0.141	-0.118	-0.129	-0.111	-0.101	-0.058	-0.07	-0.025	-0.005	-0.02	-0.016	-0.057	-0.07	-0.017	-0.067	-0.097	0.065	0.187	0.223	0.258	0.296	0.29	0.285	0.373	0.419	0.422
Nepal	0	0.012	0.037	-0.033	-0.042	0.121	0.203	0.162	0.116	0.116	0.148	0.147	0.202	0.17	0.259	0.361	0.316	0.285	0.34	0.393	0.404	0.462	0.475	0.474	0.487	0.483	0.51	0.516	0.578	0.573	0.575	0.598	0.525	0.545	0.58	0.603	0.604	0.63	0.614	0.619	0.648	0.678	0.673	0.685	0.738	0.78	0.821	0.873	0.952	0.958	1.047	1.117	1.122
Netherlands	0	0.035	0.064	0.094	0.159	0.203	0.234	0.27	0.31	0.359	0.404	0.466	0.551	0.668	0.737	0.805	0.839	0.904	0.989	1.045	1.077	0.999	0.982	0.966	0.936	0.934	1.077	1.16	1.186	1.178	1.266	1.274	1.316	1.301	1.329	1.404	1.401	1.364	1.379	1.386	1.354	1.368	1.404	1.491	1.544	1.563	1.588	1.65	1.694	1.653	1.639	1.67	1.634
New Caledonia						0	0.001	0.029	0.093	0.164	0.282	0.321	0.388	0.4	0.454	0.548	0.528	0.542	0.541	0.63	0.678	0.59	0.557	0.514	0.483	0.507	0.652	0.738	0.873	0.884	0.938	0.948	0.979	0.988	0.971	1.034	1.023	0.973	0.948	0.925	0.86												
New Zealand	0	0.005	0.024	0.054	0.085	-0.032	-0.024	-0.025	-0.089	-0.047		0.074	0.149	0.267	0.294	0.25	0.271	0.324	0.403	0.453	0.501	0.52	0.511	0.507	0.454	0.507	0.601	0.717	0.765	0.75	0.761	0.713	0.697	0.744	0.811	0.868	0.902	0.87	0.796	0.813	0.762	0.77	0.855	0.969	1.033	1.072	1.052	1.139	1.119	1.067	1.14		
Nicaragua	0	0.017	0.047	0.077	0.131	0.329	0.348	0.369	0.379	0.4	0.403	0.417	0.429	0.511	0.641	0.644	0.696	0.766	0.734	0.588	0.711	0.761	0.746	0.784	0.827	0.752	0.773	0.889	0.715	0.291	0.279	0.438	0.508	0.488	0.82	0.841	0.849	0.849	0.865	0.878	0.893	0.904	0.89	0.893	0.924	0.956	0.981	1.016	1.055	1.044	1.061	1.105	1.136
Niger	0	0.021	0.049	0.079	0.064	0.114	0.121	0.085	0.057	0.034	0.038	0.054	0.072	0.165	0.188	0.186	0.18	0.252	0.377	0.44	0.504	0.429	0.385	0.324	0.221	0.202	0.311	0.368	0.365	0.332	0.375	0.334	0.323	0.144	0.117	0.182	0.191	0.143	0.178	0.15	0.084	0.102	0.134	0.218	0.251	0.282	0.296	0.351	0.432	0.406	0.402	0.432	0.453
Nigeria	0	0.018	0.05	0.063	0.085	0.1	0.125	0.028	0.018	0.114	0.381	0.236	0.351	0.432	0.636	0.672	0.776	0.76	0.752	0.851	0.972	0.93	0.838	0.674	0.569	0.562	0.402	0.455	0.433	0.44	0.506	0.477	0.544	0.348	0.382	0.446	0.534	0.534	0.471	0.495	0.605	0.613	0.692	0.74	0.842	0.937	1.038	1.084	1.169	1.067	1.188	1.204	1.224
Norway	0	0.034	0.063	0.09	0.128	0.176	0.206	0.241	0.266	0.299	0.357	0.41	0.482	0.592	0.67	0.751	0.787	0.847	0.895	0.951	1.034	1.026	1.018	1.009	1.01	1.03	1.108	1.185	1.217	1.218	1.284	1.289	1.317	1.278	1.299	1.374	1.404	1.396	1.373	1.393	1.414	1.419	1.467	1.533	1.594	1.659	1.704	1.763	1.819	1.735	1.776	1.837	1.839
Oman	0	0.003	0.083	0.1	0.102	0.101	0.119	0.306	0.539	0.63	0.645	0.7	0.77	0.873	1.387	1.472	1.536	1.543	1.519	1.629	1.81	1.87	1.863	1.861	1.885	1.92	1.767	1.778	1.793	1.826	1.905	1.875	1.897	1.882	1.883	1.902	1.942	1.957	1.908	1.955	2.053	2.045	2.034	2.051	2.096	2.184	2.254	2.308	2.464	2.341	2.41	2.471	
Pakistan	0	0.028	0.036	0.055	0.097	0.145	0.174	0.221	0.248	0.264	0.318	0.33	0.262	0.082	0.211	0.31	0.367	0.408	0.465	0.495	0.56	0.62	0.644	0.599	0.62	0.606	0.601	0.606	0.655	0.66	0.645	0.689	0.707	0.72	0.712	0.769	0.776	0.758	0.745	0.74	0.8	0.781	0.773	0.826	0.889	0.93	0.988	1.03	1.081	1.067	1.097	1.167	1.2
Palau																															0	0.026	0.007	-0.041	-0.011	0.034	0.079	0.088	0.094	0.071	0.209	0.228	0.228	0.237	0.276	0.308	0.313	0.315	0.314	0.279	0.275	0.306	0.334
Panama	0	0.034	0.058	0.089	0.107	0.135	0.16	0.194	0.213	0.241	0.26	0.3	0.328	0.374	0.42	0.458	0.473	0.487	0.55	0.598	0.718	0.762	0.795	0.796	0.805	0.82	0.827	0.819	0.747	0.739	0.766	0.798	0.845	0.874	0.893	0.894	0.956	0.981	1.007	1.019	1.016	1.015	1.023	1.037	1.069	1.098	1.135	1.19	1.247	1.261	1.303	1.359	1.415
Papua New Guinea	0	0.018	0.039	0.054	0.09	0.133	0.179	0.222	0.252	0.297	0.354	0.388	0.454	0.621	0.661	0.614	0.649	0.673	0.736	0.796	0.829	0.809	0.774	0.797	0.783	0.749	0.777	0.841	0.896	0.872	0.82	0.879	0.932	0.976	1.009	0.923	0.958	0.928	0.801	0.752	0.747	0.677	0.655	0.716	0.75	0.836	0.883	0.926	1.018	1.003	1.071	1.178	1.27
Paraguay						0	0.011	0.029	0.041	0.061	0.079	0.114	0.162	0.258	0.377	0.418	0.464	0.547	0.625	0.739	0.843	0.936	0.91	0.911	0.789	0.639	0.691	0.719	0.741	0.781	0.863	0.94	0.94	0.935	0.96	1.011	1.035	1.033	0.981	0.94	0.921	0.882	0.79	0.8	0.877	0.905	0.984	1.089	1.208	1.136	1.227	1.333	1.317
Peru	0	0.039	0.081	0.108	0.178	0.24	0.3	0.294	0.249	0.286	0.337	0.372	0.405	0.471	0.559	0.632	0.596	0.547	0.467	0.562	0.674	0.746	0.733	0.609	0.615	0.582	0.552	0.666	0.371	0.582	0.68	0.79	0.8	0.777	0.879	0.949	0.958	0.976	0.95	0.901	0.91	0.909	0.925	0.953	1.004	1.055	1.116	1.176	1.244	1.24	1.318	1.374	1.416
Philippines	0	0.021	-0.211	-0.181	-0.161	-0.134	-0.105	-0.089	-0.055	-0.023	-0.135	-0.103	-0.081	0.006	0.129	0.151	0.199	0.247	0.298	0.369	0.429	0.458	0.464	0.404	0.368	0.347	0.322	0.357	0.403	0.442	0.448	0.449	0.505	0.506	0.568	0.621	0.66	0.648	0.581	0.632	0.612	0.577	0.596	0.601	0.629	0.673	0.74	0.819	0.877	0.857	0.923	0.968	1.007
Poland																										0	0.014	-0.052	-0.021	0.054	-0.052	0.059	0.1	0.107	0.168	0.275	0.327	0.328	0.369	0.356	0.368	0.416	0.433	0.473	0.54	0.62	0.671	0.766	0.861	0.772	0.809	0.845	0.823
Portugal	0	0.025	0.053	0.079	0.114	0.159	0.202	0.253	0.299	0.343	0.407	0.464	0.551	0.679	0.738	0.765	0.774	0.792	0.827	0.877	0.964	0.948	0.925	0.874	0.839	0.869	1.024	1.118	1.187	1.219	1.334	1.389	1.47	1.415	1.435	1.508	1.523	1.502	1.526	1.537	1.502	1.51	1.548	1.633	1.689	1.702	1.723	1.782	1.818	1.785	1.773	1.795	1.748
Puerto Rico	0	0.034	0.074	0.112	0.146	0.189	0.226	0.271	0.319	0.364	0.411	0.454	0.495	0.53	0.561	0.581	0.613	0.65	0.696	0.748	0.797	0.836	0.853	0.861	0.902	0.922	0.953	0.985	1.021	1.05	1.081	1.101	1.129	1.153	1.18	1.207	1.229	1.251	1.299	1.326	1.353	1.402	1.416	1.435	1.46	1.48	1.499	1.512	1.535	1.55	1.56	1.571	1.586
Qatar											0	0.071	0.151	0.306	0.753	0.743	0.835	0.856	0.883	0.997	1.103	1.102	0.996	0.879	0.852	0.778	0.662	0.668	0.691	0.705	0.747	0.711	0.752	0.721	0.732	0.769	0.806	0.888	0.829	0.894	1.034	1.016	1.046	1.111	1.202	1.278	1.355	1.398	1.486	1.354	1.421	1.515	
Romania																												0	0.024	0.032	-0.003	-0.122	-0.179	-0.157	-0.099	-0.026	-0.027	-0.026	0.052	-0.021	-0.003	0.039	0.102	0.217	0.321	0.44	0.534	0.675	0.757	0.663	0.665	0.728	0.68
Russian Federation																														0	0.007	-0.001	-0.045	-0.069	-0.11	-0.109	-0.112	-0.096	-0.27	-0.409	-0.286	-0.213	-0.16	-0.062	0.078	0.192	0.306	0.426	0.533	0.4	0.494	0.588	0.612
Rwanda	0	0.001	0.004	0.007	0.005	0.054	-0.034	0.06	0.08	0.106	0.159	0.152	0.183	0.242	0.255	0.509	0.543	0.597	0.667	0.74	0.779	0.814	0.8	0.808	0.823	0.84	0.874	0.897	0.923	0.914	0.94	0.829	0.883	0.903	0.51	0.75	0.759	0.848	0.835	0.756	0.707	0.673	0.662	0.697	0.745	0.829	0.899	0.967	1.055	1.089	1.107	1.147	1.184
Samoa																							0	-0.038	-0.051	-0.111	-0.089	-0.046	0.029	-0.007	0.001	-0.003	0.016	0.014	0.23	0.234	0.277	0.332	0.305	0.286	0.301	0.305	0.325	0.393	0.484	0.523	0.561	0.593	0.658	0.596	0.651	0.692	0.717
San Marino																																								0	-0.049	-0.034	-0.011	0.086	0.146	0.158	0.181	0.238	0.287				
Sao Tome and Principe																																									0	-0.009	0.057	0.082	0.109	0.126	0.152	0.205	0.297	0.314	0.311	0.391	0.406
Saudi Arabia									0	0.013	0.043	0.157	0.27	0.443	0.915	0.907	1.02	1.061	1.07	1.189	1.329	1.351	1.243	1.142	1.083	1	0.903	0.878	0.873	0.891	0.965	1.001	1.004	0.979	0.975	0.992	1.03	1.044	0.985	1.021	1.078	1.049	1.043	1.079	1.128	1.213	1.255	1.279	1.364	1.255	1.325	1.424	
Senegal	0	0.011	0.01	0.012	0.025	0.021	0.021	0.009	0.018	-0.017	-0.012	-0.011	0.058	0.105	0.144	0.262	0.256	0.255	0.292	0.377	0.401	0.347	0.325	0.263	0.239	0.265	0.403	0.469	0.451	0.431	0.484	0.463	0.478	0.441	0.263	0.351	0.356	0.31	0.331	0.331	0.279	0.286	0.313	0.41	0.467	0.49	0.51	0.581	0.641	0.609	0.599	0.637	0.616
Serbia																																						0	-0.116	-0.078	-0.539	-0.266	-0.143	-0.03	0.054	0.083	0.149	0.275	0.366	0.293	0.258	0.329	0.268
Seychelles	0	-0.028	-0.002	0.029	0.062	0.057	0.068	0.063	0.037	0.037	0.076	0.143	0.278	0.349	0.408	0.444	0.449	0.559	0.675	0.841	0.9	0.916	0.892	0.885	0.894	0.939	1.026	1.102	1.155	1.183	1.261	1.264	1.322	1.35	1.355	1.369	1.355	1.402	1.427	1.429	1.42	1.422	1.461	1.469	1.547	1.585	1.62	1.625	1.586	1.527	1.575	1.623	1.61
Sierra Leone	0	0.002	0.015	0.016	0.038	0.016	0.028	-0.011	-0.043	0.042	0.061	0.037	0.073	0.155	0.198	0.208	0.14	0.195	0.327	0.379	0.365	0.361	0.416	0.291	0.319	0.205	-0.05	0.092	0.257	0.195	0.032	0.11	0.053	0.111	0.189	0.172	0.207	0.161	0.056	0.046	0.013	0.226	0.267	0.29	0.289	0.328	0.379	0.426	0.482	0.465	0.477	0.526	0.629
Singapore	0	0.045	0.036	0.077	0.07	0.116	0.157	0.2	0.253	0.313	0.369	0.433	0.505	0.63	0.772	0.799	0.844	0.857	0.907	0.993	1.095	1.15	1.185	1.223	1.26	1.246	1.235	1.279	1.352	1.42	1.477	1.541	1.585	1.661	1.71	1.764	1.815	1.843	1.791	1.74	1.78	1.746	1.74	1.759	1.822	1.865	1.903	1.969	1.971	1.993	2.035	2.078	2.117
Slovak Republic																							0	-0.002	-0.033	-0.03	0.098	0.176	0.2	0.185	0.262	0.311	0.347	0.399	0.484	0.59	0.623	0.618	0.652	0.662	0.644	0.668	0.726	0.848	0.935	0.974	1.025	1.11	1.175	1.124	1.123	1.168	1.146
Slovenia																															0	-0.138	-0.143	-0.136	-0.081	0.082	0.087	0.072	0.1	0.111	0.062	0.072	0.124	0.225	0.289	0.312	0.348	0.43	0.492	0.441	0.42	0.449	0.404
Solomon Islands								0	0.033	0.027		0.239	0.132	0.249	0.417	0.347	0.378	0.412	0.473	0.592	0.625	0.656	0.644	0.61	0.744	0.694	0.639	0.68	0.783	0.8	0.747	0.76	0.82	0.843	0.885	0.921	0.945	0.935	0.842	0.84	0.784	0.736	0.656	0.633	0.674	0.706	0.738	0.836	0.869	0.828	0.871	0.968	1.024
Somalia	0	0.017	0.033	0.05	0.067	0.083	0.097	0.109	0.121	0.131	0.146	0.162	0.261	0.341	0.292	0.446	0.461	0.204	0.212	0.194	0.18	0.232	0.275	0.257	0.294	0.343	0.368	0.4	0.406	0.423	0.345																						
South Africa	0	0.008	0.024	0.058	0.088	0.117	0.145	0.183	0.208	0.251	0.282	0.315	0.326	0.453	0.542	0.547	0.52	0.557	0.608	0.69	0.838	0.86	0.814	0.834	0.819	0.704	0.766	0.872	0.904	0.932	0.876	0.897	0.924	0.914	0.923	0.96	0.928	0.934	0.879	0.865	0.853	0.794	0.76	0.935	1.045	1.092	1.111	1.146	1.121	1.133	1.234	1.273	1.248
South Sudan																																																	0	-0.129	-0.046	0.042	-0.289
Spain	0	0.055	0.118	0.186	0.231	0.291	0.351	0.387	0.379	0.434	0.472	0.523	0.623	0.742	0.831	0.898	0.907	0.95	1.028	1.15	1.182	1.119	1.102	1.04	1.041	1.061	1.203	1.305	1.376	1.418	1.529	1.559	1.597	1.516	1.519	1.582	1.599	1.562	1.581	1.591	1.56	1.576	1.622	1.724	1.79	1.817	1.849	1.908	1.945	1.903	1.878	1.906	1.867
Sri Lanka	0	-0.002	-0.012	-0.088	-0.074	0.025	0.028	0.044	0.019	0.048	0.106	0.114	0.141	0.185	0.273	0.291	0.261	0.312	0.127	0.209	0.279	0.316	0.339	0.368	0.431	0.42	0.442	0.454	0.466	0.461	0.517	0.56	0.588	0.611	0.659	0.699	0.722	0.753	0.768	0.757	0.775	0.766	0.799	0.836	0.869	0.937	0.996	1.051	1.147	1.156	1.223	1.296	1.309
St. Kitts and Nevis	0	0.004	0.008	0.021	0.046	0.058	0.092	0.165	0.114	0.158	0.177	0.261	0.331	0.354	0.468	0.494	0.45	0.449	0.511	0.579	0.662	0.736	0.763	0.763	0.836	0.885	0.97	1.034	1.106	1.161	1.207	1.22	1.26	1.292	1.335	1.347	1.369	1.414	1.428	1.448	1.578	1.611	1.624	1.602	1.628	1.655	1.723	1.75	1.775	1.754	1.752	1.766	1.762
St. Lucia																				0	0.104	0.155	0.124	0.15	0.25	0.225	0.295	0.317	0.362	0.41	0.509	0.539	0.578	0.585	0.602	0.632	0.63	0.653	0.683	0.7	0.738	0.7	0.705	0.734	0.771	0.79	0.83	0.871	0.879	0.874	0.88	0.88	0.867
St. Vincent and the Grenadines	0	0.023	0.034	0.003	0.031	0.036	0.06	0.048	0.03	0.061	0.101	0.133	0.266	0.3	0.333	0.333	0.322	0.365	0.466	0.53	0.57	0.66	0.714	0.752	0.791	0.825	0.877	0.92	0.98	1.011	1.057	1.086	1.126	1.136	1.144	1.183	1.207	1.225	1.261	1.28	1.358	1.393	1.423	1.44	1.474	1.497	1.54	1.589	1.596	1.582	1.586	1.592	1.605
Sudan	0	0.024	0.048	0.044	0.044	0.049	0.048	0.07	0.076	0.105	0.148	0.172	0.195	0.275	0.37	0.442	0.524	0.606	0.626	0.627	0.569	0.651	0.623	0.57	0.63	0.711	0.806	0.906	0.771	0.754	0.651	0.601	0.378	0.466	0.612	0.633	0.435	0.535	0.507	0.473	0.52	0.54	0.578	0.642	0.714	0.794	0.904	1.003	1.063	1.043	1.121	1.156	1.167
Suriname	0	0.008	0.018	0.033	0.062	0.11	0.189	0.241	0.276	0.292	0.312	0.349	0.377	0.406	0.492	0.596	0.633	0.736	0.796	0.822	0.827	0.874	0.885	0.868	0.855	0.856	0.859	0.893	0.96	0.622	0.469	0.525	0.475	0.494	0.638	0.692	0.779	0.807	0.808	0.774	0.771	0.697	0.841	0.906	0.968	1.045	1.206	1.25	1.326	1.362	1.41	1.4	1.437
Swaziland	0	0.078	0.097	0.158	0.228	0.252	0.28	0.257	0.274	0.383	0.398	0.471	0.49	0.657	0.719	0.744	0.706	0.74	0.776	0.845	0.951	0.961	0.922	0.924	0.859	0.707	0.784	0.879	0.934	0.92	1.109	1.113	1.148	1.164	1.175	1.244	1.209	1.229	1.183	1.167	1.154	1.096	1.051	1.229	1.342	1.367	1.419	1.427	1.415	1.428	1.488	1.513	1.481
Sweden	0	0.034	0.067	0.099	0.143	0.18	0.213	0.245	0.268	0.301	0.346	0.381	0.45	0.534	0.578	0.675	0.707	0.729	0.771	0.843	0.903	0.863	0.808	0.771	0.788	0.807	0.928	1.012	1.063	1.083	1.158	1.178	1.191	1.067	1.096	1.161	1.197	1.159	1.161	1.168	1.147	1.11	1.151	1.248	1.307	1.315	1.345	1.406	1.424	1.342	1.396	1.459	1.444
Switzerland	0	0.042	0.076	0.108	0.145	0.166	0.192	0.219	0.242	0.272											0.998	0.957	0.965	0.962	0.94	0.945	1.099	1.194	1.225	1.206	1.308	1.307	1.32	1.304	1.345	1.41	1.392	1.332	1.341	1.33	1.299	1.308	1.342	1.406	1.452	1.461	1.481	1.523	1.583	1.565	1.596	1.668	1.645
Syrian Arab Republic	0	0.028	0.084	0.104	0.137	0.164	0.11	0.166	0.197	0.289	0.254	0.322	0.38	0.39	0.577	0.684	0.718	0.707	0.773	0.788	0.892	0.952	0.958	0.975	0.958	0.915	0.81	0.728	0.683	0.639	0.723	0.734	0.73	0.732	0.589	0.629	0.699	0.709	0.717	0.725	0.8	0.83	0.832	0.829	0.88	0.929	0.977	1.043	1.141	1.137	1.167		1.245
Tajikistan																															0	-0.026	-0.158	-0.229	-0.323	-0.368	-0.446	-0.505	-0.355	-0.445	-0.553	-0.461	-0.416	-0.32	-0.203	-0.165	-0.087	0.022	0.155	0.129	0.173	0.225	0.244
Tanzania																													0	-0.076	-0.106	-0.054	-0.101	-0.149	-0.138	-0.085	-0.004	0.057	0.132	0.137	0.147	0.145	0.151	0.173	0.202	0.233	0.226	0.283	0.361	0.361	0.379	0.383	0.443
Thailand	0	0.027	0.052	0.068	0.096	0.135	0.203	0.218	0.238	0.267	0.279	0.284	0.317	0.427	0.517	0.542	0.588	0.644	0.719	0.766	0.83	0.854	0.867	0.898	0.908	0.869	0.906	0.967	1.046	1.108	1.174	1.231	1.282	1.329	1.388	1.45	1.481	1.395	1.26	1.294	1.29	1.259	1.294	1.34	1.39	1.425	1.493	1.568	1.61	1.595	1.677	1.711	1.734
Timor-Leste																																									0	-0.066	-0.07	-0.065	-0.064	0.095	0.073	0.131	0.221	0.282	0.315	0.398	0.459
Togo	0	0.013	0.029	0.059	0.115	0.155	0.201	0.212	0.21	0.234	0.194	0.233	0.289	0.362	0.491	0.523	0.515	0.605	0.62	0.643	0.736	0.649	0.565	0.518	0.474	0.485	0.614	0.671	0.701	0.68	0.748	0.73	0.743	0.595	0.486	0.6	0.638	0.637	0.651	0.637	0.54	0.541	0.574	0.618	0.67	0.697	0.703	0.751	0.837	0.827	0.817	0.871	0.874
Tonga																0	-0.039	0.011	0.092	0.119	0.192	0.257	0.255	0.246	0.269	0.239	0.294	0.371	0.485	0.483	0.51	0.576	0.591	0.595	0.74	0.758	0.792	0.776	0.723	0.734	0.718	0.663	0.697	0.753	0.814	0.853	0.898	0.903	0.961	0.922	0.983	1.047	1.086
Trinidad and Tobago	0	0.029	0.047	0.08	0.096	0.106	0.095	0.115	0.11	0.119	0.138	0.171	0.248	0.324	0.511	0.582	0.586	0.679	0.728	0.833	0.959	0.992	1.052	1.035	1.026	0.999	0.807	0.803	0.771	0.751	0.817	0.839	0.85	0.766	0.797	0.827	0.86	0.857	0.879	0.93	1.008	1.04	1.047	1.141	1.199	1.293	1.35	1.419	1.527	1.362	1.392	1.445	1.453
Tunisia		0	-0.001	0.057	0.048	0.024	0.036	0.045	0.084	0.102	0.141	0.203	0.319	0.398	0.503	0.58	0.588	0.631	0.687	0.756	0.83	0.802	0.775	0.776	0.762	0.757	0.774	0.794	0.802	0.797	0.871	0.889	0.954	0.92	0.942	0.997	1.027	1.046	1.062	1.078	1.044	1.051	1.067	1.139	1.19	1.201	1.224	1.273	1.33	1.314	1.317	1.332	1.32
Turkey	0	-0.253	-0.217	-0.163	-0.139	-0.12	-0.058	-0.023	0.016	0.052	-0.015	-0.047	0.042	0.132	0.262	0.35	0.4	0.449	0.485	0.612	0.489	0.493	0.441	0.411	0.389	0.43	0.472	0.525	0.535	0.599	0.739	0.733	0.749	0.796	0.649	0.756	0.778	0.791	0.936	0.897	0.919	0.779	0.847	0.956	1.062	1.147	1.182	1.263	1.31	1.23	1.3	1.319	1.322
Turkmenistan																												0	0.09	0.087	0.101	0.084	0.072	0.057	-0.048	-0.072	-0.098	-0.092	-0.072	-0.103	-0.035	0.046	0.142	0.265	0.319	0.388	0.486	0.572	0.749	0.764	0.807	0.896	0.969
Tuvalu																															0	0.023	0.038	0.031	0.082	0.086	0.133	0.144	0.144	0.173	0.172	0.152	0.218	0.287	0.357	0.361	0.378	0.453	0.497	0.448	0.518	0.569	0.581
Uganda	0	0.004	-0.003	0.043	0.086	0.248	0.252	0.257	0.273	0.31	0.33	0.369	0.379	0.425	0.504	0.543	0.547	0.613	0.516	0.449	0.201	0.219	0.418	0.417	0.611	0.585	0.617	0.805	0.806	0.699	0.595	0.467	0.387	0.424	0.503	0.648	0.656	0.658	0.666	0.612	0.612	0.572	0.582	0.578	0.661	0.701	0.731	0.793	0.862	0.887	0.909	0.885	0.943
Ukraine																												0	0.064	0.106	0.099	0.076	0.054	0.003	-0.092	-0.126	-0.156	-0.101	-0.175	-0.294	-0.294	-0.205	-0.153	-0.077	0.039	0.165	0.265	0.39	0.493	0.309	0.376	0.456	0.49
United Arab Emirates																0	0.047	0.094	0.017	0.086	0.191	0.214	0.164	0.105	0.073	0.037	-0.066	-0.061	-0.089	-0.056	0.006	-0.01	-0.011	-0.023	-0.018	0.006	0.032	0.038	-0.003	0.023	0.096	0.076	0.09	0.125	0.165	0.197	0.217	0.207	0.224	0.102	0.105	0.164	
United Kingdom	0	0.022	0.04	0.062	0.097	0.127	0.152	0.166	0.137	0.168	0.21	0.262	0.321	0.372	0.406	0.483	0.466	0.519	0.622	0.735	0.843	0.821	0.8	0.777	0.75	0.774	0.862	0.951	1.034	1.037	1.11	1.127	1.141	1.094	1.127	1.164	1.185	1.23	1.257	1.268	1.258	1.255	1.291	1.353	1.424	1.441	1.467	1.525	1.494	1.408	1.419	1.45	1.445
United States	0	0.007	0.032	0.049	0.074	0.104	0.139	0.158	0.192	0.221	0.239	0.269	0.306	0.35	0.382	0.416	0.459	0.501	0.55	0.593	0.626	0.671	0.684	0.716	0.758	0.785	0.805	0.828	0.856	0.883	0.902	0.91	0.928	0.944	0.964	0.98	0.999	1.021	1.041	1.063	1.085	1.095	1.106	1.122	1.145	1.168	1.189	1.206	1.21	1.196	1.208	1.222	1.239
Uruguay	0	0.089	0.126	0.076	0.179	0.155	0.132	0.074	0.068	0.165	0.19	0.308	0.199	0.457	0.47	0.406	0.42	0.468	0.542	0.704	0.852	0.885	0.802	0.544	0.519	0.506	0.597	0.692	0.737	0.746	0.785	0.863	0.92	0.983	1.046	1.086	1.11	1.174	1.196	1.17	1.146	1.107	0.921	0.868	0.924	1.027	1.079	1.155	1.267	1.263	1.371	1.447	1.469
Uzbekistan																															0	0.004	-0.033	-0.038	-0.054	-0.047	-0.036	-0.02	-0.02	0.032	-0.068	-0.155	-0.231	-0.217	-0.147	-0.077	-0.006	0.105	0.196	0.258	0.321	0.374	0.42
Vanuatu																				0	-0.034	-0.105	-0.118	-0.078	0.002	-0.047	-0.075	-0.043	0.002	-0.021	0.008	0.072	0.076	0.045	0.1	0.118	0.129	0.139	0.143	0.144	0.142	0.109	0.106	0.173	0.227	0.25	0.283	0.353	0.405	0.397	0.447	0.487	0.476
Venezuela. RB	0	-0.001	0.026	0.044	-0.04	-0.032	-0.025	-0.023	0.002	0.005	0.028	0.06	0.086	0.158	0.318	0.336	0.383	0.435	0.461	0.525	0.592	0.631	0.625	0.624	0.465	0.469	0.464	0.339	0.438	0.284	0.321	0.352	0.395	0.383	0.362	0.474	0.425	0.516	0.534	0.556	0.626	0.638	0.509	0.455	0.576	0.68	0.773	0.865	0.994	1.006	1.077	0.975	1.05
Vietnam																										0	0.261	0.394	0.224	-0.392	-0.388	-0.224	-0.221	-0.103	-0.018	0.08	0.148	0.178	0.177	0.194	0.224	0.239	0.265	0.312	0.367	0.428	0.484	0.546	0.65	0.673	0.708	0.769	0.823
Virgin Islands (U.S.)	0	-0.002	0.128	0.15	0.236	0.3	0.371	0.477	0.624	0.678	0.662	0.68	0.727	0.743	0.764	0.75	0.782	0.817	0.849	3.922	0.996	1.044	1.033	1.066	1.081	1.087	1.109	1.155	1.183	1.236	1.298	1.323	1.345	1.393																			
West Bank and Gaza																																			0	0.036	0.036	0.058	0.074	0.087	0.07	-0.032	-0.114	-0.079	-0.031	0.005							
Yemen. Rep.																															0	-0.001	0.014	-0.089	-0.219	-0.228	-0.111	-0.052	-0.099	-0.029	0.06	0.057	0.08	0.11	0.169	0.239	0.281	0.328	0.412	0.363	0.466	0.453	0.494
Zambia	0	-0.023	-0.038	-0.036	0.019	0.116	0.17	0.191	0.247	0.321	0.274	0.226	0.265	0.364	0.427	0.336	0.372	0.32	0.354	0.417	0.466	0.466	0.437	0.357	0.257	0.162	0.018	0.139	0.344	0.362	0.267	0.267	0.232	0.234	0.233	0.239	0.201	0.267	0.173	0.147	0.152	0.191	0.187	0.245	0.331	0.441	0.602	0.623	0.714	0.643	0.732	0.793	0.811
Zimbabwe	0	0.003	-0.003	-0.001	0.005	0.023	-0.001	0.023	0.034	0.092	0.11	0.158	0.233	0.31	0.376	0.402	0.382	0.373	0.358	0.418	0.513	0.576	0.586	0.528	0.423	0.355	0.382	0.401	0.451	0.463	0.475	0.457	0.34	0.319	0.332	0.337	0.41	0.401	0.27	0.295	0.28	0.283	0.252	0.206	0.212	0.207	0.183	0.17	0.09	0.229	0.306	0.41	0.448
